INSERT INTO cargo (CodCargo, Nombre_Cargo)
VALUES (1,'Vendedor'),
       (2,'Gerente General'),
       (3,'Administrador'),
       (4,'Almacenero'),
       (5,'Jefe Almacén'),
       (6,'Director marketing'),
       (7,'Limpiador'),
       (8,'Vigilante');
	   
	   
INSERT INTO empleado (CodEmpleado, Nombre, aPaterno, aMaterno, Genero, Fecha_Nacimiento, Fecha_Contratacion, Direccion, Correo, Telefono, E_Cargo, Status)
VALUES (1,'Roberto','González', 'Tobar','Masculino','1992-06-14','2011-09-19','Av. Las Américas #322','r_gt26@gmail.com','5546964315',2, true),
(2,'Sahara','Lamadrid', 'Gil','Femenino','1990-03-01','2012-04-20','Calle Mixtecas Mz 107','saharalg@gmail.com','2938485769',1, true),
(3,'Diego','Rodriguez', 'Portugal','Masculino','1982-06-18','2008-12-02','Clle Morenita Mia 331','diegordz@gmail.com','2348569285',3, true),
(4,'Josué René','Tiburcio', 'López','Masculino','1987-06-14'	,'2009-10-22','Cll Doctor Neva 47','ad@outlook.com','2938475018',4, true),
(5,'Ulises','Garmendia', 'Herreruela','Masculino','1992-06-04','2009-10-23','Blvd Jose Maria Morelos 1116','ssa@gmail.com','2938573619',1, true),
(6,'Hugo','Castro', 'Olivera','Masculino','1991-11-16','2011-09-24','Clle Pico De La Malinche 600','agu@gmail.com','2948275972',1, true),
(7,'Jessica Marisol','Martinez', 'Carrillo','Femenino','1992-06-14','2010-04-15','Av Cristobal Colon 2523','joch@hotmail.com','2738495860',4, true),
(8,'Daniel Jesús','Solano', 'Rojano','Masculino','1992-06-14','2011-09-26','Cll Joaquin M Gtez 9','dasa@gmail.com','5506938572',4, true),
(9,'Itzel Aldenith','González', 'Camarillo','Femenino','1990-08-22','2011-09-27','Cal Constituyentes De Nl 541','dale@gmail.com','1729305837',4, true),
(10,'Melody Fernanda','Duarte', 'Perez','Femenino','1992-06-12','2011-09-28','Clle Miguel Nieto 2121','Jkar@gmail.com','9494057263',1, true),
(11,'Alicia','Villareal', 'Vaéz','Femenino','1991-09-14','2011-09-29','Col. Revolución 345','daxi@gmail.com','7492759473',4, true),
(12,'Oliveth','Ponce', 'Quevedo','Femenino','1988-01-25','2009-10-23','Col. Carranza 697','vlsua@outlook.com','2292837561',4, true),
(13,'Jorge Alberto','Quezada' ,'Nuñez','Masculino','1992-06-18','2011-09-30','Fracc. Floresta 555','jhovela@gmail.com','2830475070',4, true),
(14,'Pedro Isaac','Becerra', 'Rueda','Masculino','1988-06-14'	,'2011-09-26','	Col. Centro 434','aledel@gmail.com','2326789072',4, true),
(15,'América','Martinez', 'Lagos','Femenino','1992-06-14','2011-09-30','Calle 8 Col. Manuel Nieto','esda@outlook.com','9494057263',3, true),
(16,'Yojary Elizabeth','Cruz', 'Callejas','Femenino','1987-05-10','2009-10-23','Fracc. Virginia 9393','rosti@gmail.com','5546964315',6, true),
(17,'Andrea Abigail','Campos', 'Utrera','Femenino','1993-11-04','2011-09-30','El Dorado 5432','anma@outlook.com','1729305837',7, true),
(18,'Mary Yuseth','Fierro', 'Hernández','Femenino','1992-06-14','2012-04-07','Calle Punte Verde 277','lusa@gmail.com','5545678927',7, true),
(19,'Kenia','Cabrera', 'Villalba','Femenino','1982-06-14','2011-09-30','Col. Ejido 122','braye@hotmail.com','6678462543',7, true),
(20,'Gabriela','Sanchez', 'Saenz','Femenino','1992-10-04'	,'2009-10-23','Calle Esperanza 889','anva@gmail.com','2948275972',7, true),
(21,'Daniela','Chavez', 'López','Femenino','1993-06-28','2012-04-07','Blvd. Ruiz Cortinez 430','breal@gmail.com','9494057263',1, true),
(22,'Valentin','Elizalde', 'Valencia','Masculino','1989-08-09','2011-09-30','Fracc. La Florida 889','rosti@gmail.com','5546964315',4, true),
(23,'José Pablo','Pitalua', 'Sanchez','Masculino','1992-03-10','2012-04-20','Col. Primero de Mayo 334','mrr@gmail.com','7586970193',4, true),
(24,'Olivia', 'Peñalba', 'Furch','Femenino','1992-06-14','2011-09-27','Calle Lopez Gtz Geo Norte',' lago@outlook.com','2348569285',4, true),
(25,'Emily','Herrera', 'González','Femenino','1992-03-14'	,'2012-04-07','	Av. Jade Col. Costa de Oro','mj@hotmail.com','2948275972',4, true),
(26,'Ginebra','Castellanos', 'Zárate','Femenino','1993-09-06'	,'2011-09-30','	Cochal 122 Pte. Moreno','agu@gmail.com','9909075472',8, true),
(27,'Paola','Castillo', 'Coello','Femenino','1989-12-07','2009-10-23','Rio Ave 122 Las Vegas','gnz@hotmail.com','2348569285',7, true),
(28,'Tania','López', 'Triana','Femenino','1985-06-13'	,'2012-04-20','Alamo 556 Fracc. Floresta','tlt@gmail.com','1265854795',4, true),
(29,'Nicole','Soto', 'Martinez','Femenino','1990-08-19','2011-09-27','Temascal 990 Col. Carranza','nsm@gmail.com','2948275972',1, true),
(30,'Jair','García', 'Sánchez','Masculino','1990-06-20','2009-10-23','Rio Jamapa 554','jgs@hotmail.com','7756493846',8, true);	   

INSERT INTO editorial (CodEditorial, Nombre_Editorial, Contacto, Telefono, Correo, Direccion, Ciudad, Pais, Status)
VALUES (1,'BOOKET', 'Juan Menéndez', '6217601763', 'jm@outlook.com', 'Revolución Mexicana 60', 'Burkina Faso', 'Burkina Faso', true),
(2,'EVEREST', 'Martin Jacob', '8808815128', 'mja@gmail.com', 'Teófilo Borunda 2105', 'República de Burundi', 'Burundi', true),
(3,'SALAMANDRA', 'Mónica Gonzalo', '6556403373', 'mog@hotmail.com', 'Agustín Me lgar 2328', 'Washington D. C', 'Estados Unidos', true),
(4,'ALIANZA', 'Pablo Camilo', '6117367267', 'ap@hotmail.com', 'Calle Cristóbal Colon 301', 'Madrid', 'España', true),
(5,'FONDO D/CULT.ECONOM.', 'Carmen Castillo', '7371745358', 'cc@hotmail.com', 'Playa Aparicio', 'Manila', 'Filipinas', true),
(6,'COMBEL EDITORIAL', 'Sandra Fernández', '8455635532', 'sf@hotmail.com', 'González Cossío 3909', 'Roma', 'Italia', true),
(7,'BAMBU', 'Alicia Gálvez', '7383111632', 'ag@hotmail.com', 'David Alfaros Siqueiros 3210', 'Rabat', 'Marruecos', true),
(8,'HUEBER', 'María Garcia', '7664963289', 'mg@gmail.com', 'Crt Monterrey Saltillo 7', 'Ciudad de México', 'México', true),
(9,'SCHOLASTIC', 'Beatriz Heras', '6868677463', 'bh@gmail.com', 'Crt Monterrey Saltillo 7', 'Ciudad de México', 'México', true),
(10,'CONECTA', 'Amalia Garrido', '8941412298', 'ag@gmail.com', 'Crt Tezoyuca 101', 'Ciudad de México', 'México', true),
(11,'VERGARA Y RIBA EDITORAS', 'Jorge Gonzales',  '8640606217', 'jg@gmail.com',  'Rafael Buelna, C.P.', 'Ciudad de México', 'México', true),
(12,'BEIJING LANGUAGE', 'Rosa Belmonte', '6857327443', 'rb@gmail.com', 'Ave Santo Domingo 1051', 'Ciudad de México', 'México', true),
(13,'MACMILLAN', 'Mariana Hernández', '7619103805', 'hm@gmail.com', 'Cll Doctor Liceaga 113', 'Ciudad de México', 'México', true),
(14,'LONGMAN', 'Francisco Iglesias', '8450430232', 'fi@gmail.com', 'Clle Mixtecas Mz 107', 'Puebla', 'México', true),
(15,'MANUAL MODERNO', 'Nary Irate', '6698355382', 'ni@gmail.com', 'Clle Abeto Ote 66', 'Puebla', 'México', true),
(16,'ELSEVIER', 'Roció López', '6215188246', 'rl@gmail.com', 'Clle Pico De La Malinche 600', 'Guadalajara', 'México', true),
(17,'MARCOMBO', 'Isabel Lupion', '4491751614', 'il@gmail.com', 'Carr 30 220, Morelos', 'Guadalajara', 'México', true),
(18,'EDITORIAL VIDA', 'Luis Magaña', '4491751584', 'lm@gmail.com', 'Blvd Jose Maria Morelos 1116', 'Ciudad de México', 'México', true),
(19,'GRUPO NELSON', 'Francisco Bergara', '5585262259', 'fb@gmail.com', 'Clle Miguel Hidalgo Mza 144', 'Ciudad de México', 'México', true),
(20,'ALBA LIBROS', 'Juan Monzon', '5585265917', 'jm@gmail.com', 'Clle Morenita Mia 331', 'Puebla', 'México', true),
(21,'PENGUIN RANDOM', 'Belinda Morales', '5553510783', 'bm@gmail.com', 'Cll Doctor Neva 47', 'Puebla', 'México', true),
(22,'TOMBOOKTU MEXICO', 'Juan Garcia', '5585266742', 'jg@gmail.com', 'Cll Doctor Neva 47', 'Puebla', 'México', true),
(23,'COMANEGRA', 'Elena Navarro', '5541696759', 'en@gmail.com', 'Clle Miguel Nieto 2121', 'Puebla', 'México', true),
(24,'PAIDOS', 'Ana Ortega', '5541697047', 'ao@gmail.com', 'Pino Suarez 3026', 'Ciudad de México', 'México', true),
(25,'OBELISCO', 'Noelia Pérez', '5541696286', 'np@outlook.com', 'Cal Constituyentes De Nl 541', 'Guadalajara', 'México', true),
(26,'OCEANO', 'José Quero', '2290019012', 'jq@outlook.com', 'Ave Cristobal Colon 2523','Guadalajara', 'México', true),
(27,'HARPERCOLLINS', 'Jesús Ramos', '2295688900', 'jr@outlook.com', 'Sn Luis Potosi Rio Verde', 'Ciudad de México', 'México', true),
(28,'ALAMAH', 'Silvia Pino', '2297678811', 'sp@gmail.com', 'Cll Joaquin M Gtez 9', 'Guadalajara', 'México', true),
(29,'PLANETA', 'Álvaro Tortosa', '2293451234', 'at@outlook.com', 'Delante, C.P.', 'Puebla', 'México', true),
(30,'AGUILAR', 'Javier Vázquez', '2297844231', 'jv@outlook.com', 'Benito Juarez', 'Guadalajara', 'México', true);

INSERT INTO idioma (CodIdioma, Nombre_Idioma)
VALUES (1,'Español'),
       (2,'Inglés'),
       (3,'Chino'),
       (4,'Alemán'),
       (5,'Portugués');
	   
	   
	   
       
INSERT INTO materia (CodMateria, Nombre_Materia)
VALUES (1,'Novelas'),
(2,'Literatura'),
(3,'Literatura infantil y juvenil'),
(4,'Literatura en inglés'),
(5,'Deporte'),
(6,'Autoayuda y superación'),
(7,'Interés general'),
(8,'Manualidades'),
(9,'Teosofía metafísica'),
(10,'Fisiología'),
(11,'Neurología'),
(12,'Medicina gral.'),
(13,'Anatomía'),
(14,'Enfermería'),
(15,'Histología'),
(16,'Oncología'),
(17,'Bioquima'),
(18,'Cardiología'),
(19,'Cirugía'),
(20,'Derecho'),
(21,'Ciencias de la comunicación'),
(22,'Filosofía'),
(23,'Geografía e historia'),
(24,'Sociología'),
(25,'Pedagogía'),
(26,'Primaria'),
(27,'Secundaria'),
(28,'Bachillerato'),
(29,'Lógica'),
(30,'Diccionarios');


INSERT INTO estante (CodEstante, Numero_Ejemplares, Pasillo)
VALUES (1,4,1),
(2,8,1),
(3,10,1),
(4,5,2),
(5,6,3),
(6,3,4),
(7,2,4),
(8,2,4),
(9,4,5),
(10,9,1),
(11,6,1),
(12,8,2),
(13,2,2),
(14,1,3),
(15,5,3),
(16,5,4),
(17,6,5),
(18,7,5),
(19,3,5),
(20,5,5),
(21,8,2),
(22,3,2),
(23,4,2),
(24,1,1),
(25,4,1),
(26,3,3),
(27,3,4),
(28,6,4),
(29,5,3),
(30,3,2);

INSERT INTO almacen (CodRepisa, Numero_Ejemplares, PasillosA)
VALUES (1,4,1),
(2,8,1),
(3,10,1),
(4,5,2),
(5,6,3),
(6,5,4),
(7,6,4),
(8,5,4),
(9,8,5),
(10,9,1),
(11,6,1),
(12,8,2),
(13,4,2),
(14,8,3),
(15,5,3),
(16,5,4),
(17,6,5),
(18,7,5),
(19,9,5),
(20,5,5),
(21,8,2),
(22,6,2),
(23,8,2),
(24,10,1),
(25,4,1),
(26,5,3),
(27,9,4),
(28,6,4),
(29,5,3),
(30,7,2);


INSERT INTO autor (CodAutor,Nombre_Completo)
VALUES (1,'Tolkien'),
(2,'Henry James'),
(3,'Eça De Queiros Jose Maria'),
(4,'Tolstói, Lev N.'),
(5,'Chejov, Anton'),
(6,'Jonasson, Jonas'),
(7,'Hunter, Erin'),
(8,'Stefan Zweig'),
(9,'Georgiakaki, Manuela'),
(10,'Graf-Riemann, Elisabeth'),
(11,'Valdano Jorge'),
(12,'Riba, Lidia Maria'),
(13,'Litvin, Anibal'),
(14,'Vergara'),
(15,'Yassine Bendriss Ernest'),
(16,'Adams Charles Warren'),
(17,'Honore De Balzac'),
(18,'Jean-Pierre Drichel'),
(19,'Orange Tommy'),
(20,'Connelly Michael'),
(21,'Rowling, J. K.'),
(22,'Rowling Joanne Kathleen'),
(23,'Walsch,Neale Donald'),
(24,'Papa Francisco'),
(25,'Freud, Sigmund'),
(26,'Blanchard Ken'), 
(27,'Miller Mark'),
(28,'Ciruela Alferez'),
(29,'Charles Schulz'),
(30,'Cristina Alemany'),
(31,'Martin,George R. R.'),
(32,'Costanzo Linda S.'),
(33,'Ian M Anderson'),
(34,'Browder Lazenb'),
(35,'Ramona');


INSERT INTO libros (ISBN, Titulo, Año_Edicion, R_Editorial, R_Idioma, Numero_Paginas, R_Materia, Precio, Sinopsis, R_Estante, Status)
VALUES ('978-84-450-0067-0', 'EL SEÑOR DE LOS ANILLOS 2 LAS DOS TORRES', 2012, 1, 1, 480,1, 278, 'La Compañía se ha disuelto y sus integrantes emprenden caminos separados. Frodo y Sam continúan solos su viaje a lo largo del río Anduin.',1, true),
       ('978-84-450-0068-7', 'EL SEÑOR DE LOS ANILLOS 3 EL RETORNO DEL REY', 2012, 1, 1, 608, 1, 278, 'Los ejércitos del Señor Oscuro van extendiendo cada vez más su maléfica sombra por la Tierra Media. Hombres, elfos y enanos unen sus fuerzas para presentar batalla a Sauron y sus huestes.',1, true),
       ('978-84-9065-063-9', 'EN LA JAULA', 2011, 21, 1, 200, 1, 370, 'La jaula a la que alude el título de esta novela es la oficina de correos en la que una humilde joven se halla confinada, despachando sellos y telegramas a lo más florido del elegante distrito londinense de Mayfair.', 4, true),
       ('978-84-8428-341-6', 'ALVES Y COMPAÑÍA', 2016, 21, 1, 400, 1, 280, 'El adulterio es un asunto grave para el marido; los demás lo consideran un fracaso que no exige sangrientos excesos.', 2, true),
       ('978-84-8428-844-2', 'ANNA KARENINA', 2008, 21, 1, 250, 1,480, 'La sola mención del nombre de Anna Karénina sugiere inmediatamente dos grandes temas de la novela decimonónica: pasión y adulterio.', 3, true),
       ('978-84-8428-388-1', 'CINCO NOVELAS CORTAS', 2016, 21, 1, 355, 1, 1030, 'A estas alturas es casi inútil tratar de explicar por qué Chéjov es un maestro de la literatura, por qué sus personajes nos enseñan lo peor y lo mejor de nuestra naturaleza.', 6, true),
       ('978-84-9838-524-3', 'EL ABUELO QUE SALTO POR LA VENTANA Y SE LARGO', 2015, 4, 1, 416, 2, 195, 'Momentos antes de que empiece la pomposa celebración de su centésimo cumpleaños, Allan Karlsson decide que nada de eso va con él.', 9, true),
       ('978-84-9838-677-6', 'LOS GATOS GUERREROS AURORA 3 (LA NUEVA PROFECIA)', 2018, 4, 1, 352, 3, 299, 'Los jóvenes gatos que partieron en una misión varias lunas atrás han regresado con un mensaje alarmante: los clanes deben trasladarse a un nuevo hogar, o se arriesgan a ser aniquilados.', 2, true),
       ('978-3-19-561051-3', 'BESTE FREUNDE: ARBEITSBUCH A1.2 MIT CD-ROM', 2019, 9, 2, 500, 4, 255, null, 4, true),
       ('978-3-19-501051-1', 'BESTE FREUNDE A1.2 KURSB', 2019, 9, 2, 500, 4, 315, null, 4, true),
       ('978-607-31-8988-0', 'FUTBOL: EL JUEGO INFINITO',  2011, 11, 5, 244, 5, 299, 'No existe ningún otro fenómeno social que, como el futbol, se haya adaptado con más naturalidad a la globalización.', 10, true),
       ('978-987-612-404-1', 'PARA MI HIJA QUE HA CRECIDO N.V.', 2014, 12, 4, 423, 6, 144, 'Entro a tu dormitorio en silencio para no despertarte. Me apoyo un instante contra la pared, entre posters, espejos y mil recuerdos.', 13, true),
       ('978-987-747-328-5', '1000 DATOS LOCOS DEL FUTBOL AMERICANO', 2017, 12, 5, 288, 5, 150, 'En México, los Acereros de Pittsburgh tienen aproximadamente 6 millones de seguidores. Durante un partido de final de campeonato, la gente come 1,300 millones.', 14, true), 
       ('978-987-747-456-5', 'MANDALAS LA MAGIA DEL COLOR 14 (MORADO)', 2007, 12, 1, 90, 8, 45, 'La palabra sánscrita "mandala" significa "pensamiento contenido dentro de un círculo" (el círculo es la forma perfecta, símbolo del cosmos y de la eternidad).', 16, true),
       ('978-987-747-455-8', 'MANDALAS LA MAGIA DEL COLOR 15 (VERDE)', 2007, 12,1, 90, 8, 45, 'La palabra sánscrita "mandala" significa "pensamiento contenido dentro de un círculo" (el círculo es la forma perfecta, símbolo del cosmos y de la eternidad).', 16, true),
       ('978-84-9967-492-6', 'BREVE HISTORIA DEL ISLAM', 2013, 23, 1, 272, 9, 190, 'El Islam nace en el S. VII en la zona de Arabia y en la actualidad es la segunda religión más practicada del mundo con más de 1.300 millones de musulmanes.', 18, true),
       ('978-84-8428-666-0', 'EL MISTERIO DE NOTTING HILL', 2016, 21, 1, 110, 1, 835, 'En una pensión parisina coinciden un ambicioso estudiante que sueña con entrar en la sociedad por la puerta grande, un anciano que recoge la ingratitud de sus hijas y un misterioso huésped que decide tentar al muchacho proponiéndole un trato que hará que se enriquezca de la noche a la mañana.', 4, true),
       ('978-84-9065-110-0', 'EL POBRE GORIOT', 2015, 21, 1, 213, 1, 299, 'En una pensión parisina coinciden un ambicioso estudiante que sueña con entrar en la sociedad por la puerta grande, un anciano que recoge la ingratitud de sus hijas y un misterioso huésped que decide tentar al muchacho proponiéndole un trato que hará que se enriquezca de la noche a la mañana.', 4, true),
       ('978-607-550-099-7', 'NI AQUÍ NI ALLÍ', 2009, 5, 1, 234, 1, 249, 'Estamos ante una voz que nunca hemos escuchado, una voz llena de poesía y de rabia, que estalla en la página con un apremio y una fuerza asombrosos.', 19, true),
       ('978-607-550-232-8', 'SESION NOCTURNA', 2004, 5, 2, 345, 1, 269, 'Renée Ballard trabaja en el turno de noche en Hollywood. Empieza muchas investigaciones, pero no termina ninguna, porque cada mañana entrega sus casos a los detectives del turno de día.', 20, true), 
       ('978-84-9838-924-1', 'HARRY POTTER Y LA CAMARA SECRETA 2 PD', 2001, 4, 1, 400, 1, 339, 'Tras derrotar una vez más a lord Voldemort, su siniestro enemigo en Harry Potter y la piedra filosofal, Harry espera impaciente en casa de sus insoportables tíos el inicio del segundo curso del Colegio Hogwarts de Magia y Hechicería.', 23, true),
       ('978-607-31-5799-5', 'CONVERSACIONES CON DIOS II', 2017, 22, 1, 352, 9, 269, 'Sencilla, clara y esperanzadora, la magnífica reedición de la primera parte de Conversaciones con Dios.', 24, true),
       ('978-607-31-5982-1', 'QUIÉN SOY YO PARA JUZGAR?', 2017, 22, 1, 232, 9, 269, 'Sencilla, clara y esperanzadora, la magnífica reedición de la primera parte de Conversaciones con Dios.', 24, true),
       ('978-84-206-7434-6', 'LA INTERPRETACIÓN DE LOS SUEÑOS', 2011, 5, 1, 432, 7, 369, 'Ninguna teoría acerca del funcionamiento y estructura de la mente ha ejercido tanta influencia ni ha adquirido un estatus tan preponderante como la doctrina.', 1, true),
       ('978-607-8589-21-0', 'EL SECRETO', 2004, 28, 1, 278, 7, 270, 'En esta nueva edición de su clásica fábula de negocios, Ken Blanchard y Mark Miller transmiten la esencia de lo que requiere un líder exitoso.', 8, true), 
       ('978-7-5600-4138-4', 'EL CHINO DE HOY II CUADERNO DE EJERCICIOS', 2013, 17, 3, 345, 7, 415, null, 26, true),
       ('978-987-612-982-4', 'EL AMOR SEGUN SNOOPY', 2015, 12, 1, 80, 2, 167, 'El amor y la amistad son algo más que momentos agradables; son regalos de la vida que debemos agradecer y atesorar.', 3, true),
       ('978-607-31-3024-0', 'DANZA DE DRAGONES (CANCION DE HIELO Y FUEGO)', 2017, 18, 1, 1136, 2, 379, 'Después de una colosal batalla, el futuro de los Siete Reinos pende de un hilo, acuciado por nuevas amenazas que cobran brío en todos sus rincones.', 5, true),
       ('978-607-31-1087-7', 'DANZA DE DRAGONES', 2017, 18, 1, 1136, 2, 379, 'Después de una colosal batalla, el futuro de los Siete Reinos pende de un hilo, acuciado por nuevas amenazas que cobran brío en todos sus rincones.', 5, true),
       ('978-84-9113-273-8', 'FISIOLOGIA + STUDENTCONSULT 6°EDICION', 2014, 3, 1, 340, 10, 917, 'Sexta edición del texto de fisiología más conciso, didáctico y visual que a través de la filosofía "step by step" facilita al estudiante la comprensión de los procesos fisiológicos.', 28, true);

INSERT INTO libro_autor (CodlibroAutor, CodAutor)
VALUES  ('978-84-450-0067-0', 1),
('978-84-450-0068-7',1),
('978-84-9065-063-9',2),
('978-84-8428-341-6',3),
('978-84-8428-844-2',4),
('978-84-8428-388-1',5),
('978-84-9838-524-3',6),
('978-3-19-561051-3',7),
('978-3-19-501051-1',8),
('978-607-31-8988-0',9),
('978-987-612-404-1',9),
('978-987-747-328-5',10),
('978-987-747-456-5',11),
('978-987-747-455-8',12),
('978-84-9967-492-6',13),
('978-84-8428-666-0',14),
('978-84-9065-110-0',15),
('978-607-550-099-7',16),
('978-607-550-099-7',16),
('978-607-550-232-8',17),
('978-84-9838-924-1',18),
('978-607-31-5799-5',19),
('978-607-31-5982-1',20),
('978-607-31-5982-1',20),
('978-84-206-7434-6',21),
('978-607-8589-21-0',22),
('978-7-5600-4138-4',23),
('978-987-612-982-4',24),
('978-607-31-3024-0',25),
('978-607-31-1087-7',26),
('978-84-9113-273-8',27);


INSERT INTO libro_almacen (CodlibroAlmacen, CodRepisa)
VALUES ('978-84-450-0067-0', 1),
('978-84-450-0068-7',1),
('978-84-9065-063-9',1),
('978-84-8428-341-6',2),
('978-84-8428-844-2',2),
('978-84-8428-388-1',3),
('978-84-9838-524-3',4),
('978-3-19-561051-3',5),
('978-3-19-501051-1', 6),
('978-607-31-8988-0',7),
('978-987-612-404-1',8),
('978-987-747-328-5',9),
('978-987-747-456-5', 10),
('978-987-747-455-8',11),
('978-84-9967-492-6',12),
('978-84-8428-666-0',14),
('978-84-9065-110-0',15),
('978-607-550-099-7',16),
('978-607-550-232-8',17),
('978-84-9838-924-1',17),
('978-607-31-5799-5',18),
('978-607-31-5982-1',20),
('978-84-206-7434-6',23),
('978-607-8589-21-0',24),
('978-7-5600-4138-4', 27),
('978-987-612-982-4', 28),
('978-607-31-3024-0', 28),
('978-607-31-1087-7', 29),
('978-84-9113-273-8',30);



INSERT INTO cliente (CodCliente, Nombre, aPaterno, aMaterno, Correo, Telefono, Status)
VALUES (1,'Juliana karol', 'Acuña', 'López', 'Jkar@gmail.com', '2291878378', true),
(2,'María Luciana', 'Calvete', 'Amaya', 'mrr@gmail.com', '2291932899', true),
(3,'Angie Dayanna', 'Delgado', 'Almeyda', 'ad@outlook.com', '2296876860', true),
(4,'Sharon Sayree', 'Angulo', 'Sanabria', 'ssa@gmail.com', '2293899231', true),
(5,'Maycol Julián', 'Delgado', 'Díaz', 'mj@hotmail.com', '2295678900', true),
(6,'Samantha', 'Díaz', 'Vega', 'sda@gmail.com', '2294899901', true),
(7,'Alexis Gustavo', 'Flores', 'Aguilar', 'agu@gmail.com', '2294789978', true),
(8,'Luna Alexandra', 'Gómez', 'Castillo', 'lago@outlook.com', '2293088979', true),
(9,'Steven', 'Gutiérrez', 'Panqueva', 'sgup@gmail.com', '2291902978', true),
(10,'Néstor Felipe', 'Jaimes', 'González', 'nfe@outlook.com', '2297896789', true),
(11,'Jaimes', 'Kevin', 'Ferney', 'jak@gmail.com', '2296788970', true),
(12,'Vianny Geraldine', 'Sánchez', 'Sosa', 'vige@hotmail.com', '2294567890', true),
(13,'Danna Ximena', 'Céspedes', 'Guarguati', 'daxi@gmail.com', '2298889001', true),
(14,'Jopin Raen', 'Chaparro', 'Calderón', 'joch@hotmail.com', '2293458900', true),
(15,'David Santiago', 'Daza', 'Fuentes', 'dasa@gmail.com', '2291235623', true),
(16,'Daniela Alejandra', 'Parra', 'Delgado', 'dale@gmail.com', '2291085533', true),
(17,'Camila Andrea', 'Rojas', 'Suarez', 'can@hotmail.com', '2294678900', true),
(18,'Julián Alberto', 'Serrano', 'Perilla', 'jual@gmail.com', '2292227812', true),
(19,'Vladimir', 'Suarez', 'Carrillo', 'vlsua@outlook.com', '2294567722', true), 
(20,'Jhordan', 'Velandia', 'Martínez', 'jhovela@gmail.com', '2291112234', true),
(21,'Alexandra Del Mar', 'Velasco', 'Gil Katrina', 'aledel@gmail.com', '2290016758', true),
(22,'María José', 'Aguilar', 'Olachica', 'marjo@gmail.com', '2291234467', true),
(23,'Esneider David', 'Eslava', 'León', 'esda@outlook.com', '2297892211', true),
(24,'Roberth Stiwen', 'Garcia', 'Flores', 'rosti@gmail.com', '2299098877', true),
(25,'Andry Daniela', 'Marín', 'Carrillo', 'anma@outlook.com', '2298900156', true),
(26,'Luis Santiago', 'Prada', 'Oviedo', 'lusa@gmail.com', '2294328001', true),
(27,'Brandon Yessid', 'Tarazona', 'Pacheco', 'braye@hotmail.com', '2297780012', true),
(28,'Andrea Valentina', 'Villabona', 'Muñoz', 'anva@gmail.com', '2298903411', true),
(29,'Breyner Alberto', 'Villamizar', 'Bonilla', 'breal@gmail.com', '2291063427', true),
(30,'María Fernanda', 'Bueno', 'Parra', 'mafer@outlook.com', '2298874689', true);



INSERT INTO nota_venta (CodNota, R_Cliente, R_Libro, Cantidad, Tipo_Pago, R_Empleado, Fecha_Compra, Status)
VALUES (1,1, '978-84-450-0067-0',1, 'Efectivo', 2, '2020-03-01', true),
(2,2, '978-84-450-0068-7',1, 'Tarjeta', 2, '2020-02-16', true),
(3,3, '978-84-9065-063-9',2, 'Efectivo', 2, '2019-12-20', true),
(4,5, '978-84-8428-341-6',3, 'Efectivo', 2, '2019-09-21', true),
(5,6, '978-84-8428-844-2',5, 'Tarjeta', 2, '2019-06-16', true),
(6,7, '978-84-8428-388-1',4, 'Tarjeta', 5, '2020-03-01', true),
(7,8, '978-84-9838-524-3',2, 'Efectivo', 10, '2020-03-01', true),
(8,9, '978-3-19-561051-3',2, 'Efectivo', 10, '2020-03-01', true),
(9,10, '978-3-19-501051-1',4, 'Tarjeta', 5, '2020-02-16', true),
(10,11, '978-987-747-456-5', 2, 'Efectivo', 5, '2020-02-16', true),
(11,12, '978-987-747-455-8',1, 'Tarjeta', 10, '2020-03-01', true),
(12,13, '978-84-9967-492-6',1, 'Efectivo', 10, '2020-03-01', true),
(13,14, '978-84-8428-666-0',3, 'Tarjeta', 10, '2020-02-16', true),
(14,15,  '978-3-19-501051-1',3, 'Efectivo', 5, '2020-02-16', true),
(15,16, '978-607-31-5982-1',4, 'Tarjeta', 21, '2020-02-16', true),
(16,17, '978-84-9065-063-9',2, 'Efectivo', 21, '2019-06-16', true),
(17,18, '978-84-206-7434-6',2, 'Efectivo', 21, '2019-06-16', true),
(18,19, '978-607-8589-21-0',2, 'Efectivo', 6, '2019-12-20', true),
(19,20, '978-7-5600-4138-4',3, 'Efectivo', 6, '2019-06-16', true),
(20,21, '978-987-612-982-4', 3, 'Efectivo', 6, '2019-12-20', true),
(21,22, '978-607-31-3024-0',3, 'Efectivo', 29, '2019-12-20', true),
(22,23, '978-84-9838-524-3',1, 'Efectivo', 29, '2019-06-16', true),
(23,24, '978-84-9838-924-1',1, 'Efectivo', 21, '2019-09-21', true),
(24,25, '978-607-31-5799-5',4, 'Tarjeta', 10, '2019-12-20', true),
(25,26, '978-607-31-5982-1',3, 'Efectivo', 21, '2019-12-20', true),
(26,27, '978-84-9838-524-3',2, 'Efectivo', 10, '2019-09-21', true),
(27,28, '978-607-31-5982-1',1, 'Tarjeta', 21, '2019-09-21', true),
(28,29, '978-607-31-3024-0',3, 'Efectivo', 21, '2019-09-21', true),
(29,30, '978-607-31-3024-0',2, 'Tarjeta', 29, '2019-09-21', true);

